X43FicheroConfProcemientos;X43sFCPWS/X43FCP;1,2,3
X43FirmaDoc;X43sISFDWS/X43ISFD;1,2,3
X43ModuloOCE;X43sOCEWS/X43OCE;1,2,3
X43NotificacionElectronicaExternos;X43sPNTWS/X43PNT;1,2,3
X43RegistroElectronico;X43sSRTWS/X43SRT;1,2,3
X43SistemaHorizontalNotificaciones;X43sSHNWS/X43SHN;1,2,3
X43UTL;X43sUTLWS/X43UTL;1,2
X43MisGestiones;X43sVCWS/X43VC;1,2,3

X43FCPinterno;X43sFCPiWS/X43FCPi;1,2,3
X43ISFDinterno;X43sISFDiWS/X43ISFDi;1,2,3
X43NORAinterno;X43sNORAiWS/X43NORAi;1,2,3
X43PNTinterno;X43sPNTiWS/X43PNTi;1,2,3
X43RAGinterno;X43sRAGiWS/X43RAGi;1,2,3
X43SHNinterno;X43sSHNiWS/X43SHNi;1,2,3
X43UTLinterno;X43sUTLiWS/X43UTLi;1,2,3
X43VCinterno;X43sVCiWS/X43VCi;1,2,3